brand_id,size_id,price,bar_id,published
11,1,1.20,,true
11,3,1.00,,true
25,4,3.00,,true
24,4,3.30,,true
34,4,2.2,,true
12,4,2.8,,true
11,1,1.2,,true
11,3,1,,true
25,4,3,,true
24,4,3.3,,true
34,4,2.2,,true
12,4,2.8,,true
11,1,1.2,1,true
11,3,1,1,true
25,4,3,1,true
24,4,3.3,1,true
34,4,2.2,1,true
12,4,2.8,1,true
2,4,1.1,2,true
11,3,1,2,true
25,4,1.5,2,true
3,4,2,2,true
34,4,1.5,2,true
6,3,1.3,2,true
13,3,1.3,3,true
25,4,2.5,3,true
10,4,3,3,true
11,3,1,3,true
11,1,1.2,4,true
25,4,2.5,4,true
2,4,2.5,4,true
10,4,2.5,4,true
11,1,1.2,5,true
34,4,1.5,5,true
6,3,1.2,5,true
11,3,1.1,5,true
11,1,1.1,6,true
11,1,1.2,7,true
25,4,2,7,true
7,4,2,7,true
10,4,3,7,true
33,5,4,7,true
29,1,1.3,8,true
11,3,1.3,8,true
7,4,2.5,8,true
25,4,2.5,8,true
10,4,2.5,8,true
11,1,1.2,,true
25,4,1.8,,true
14,1,2,,true
7,4,2,,true
11,3,1,9,true
10,4,2.5,9,true
2,4,2.5,9,true
11,10,1.5,9,true
11,3,1.2,10,true
11,6,2.75,10,true
11,1,1.2,11,true
11,2,2.4,11,true
11,1,1,12,true
34,4,1.5,12,true
34,3,1,12,true
11,6,1.65,13,true
37,4,1.75,13,true
19,1,1.2,14,true
11,3,1,14,true
25,4,2.5,14,true
7,4,2.4,14,true
38,4,2.4,14,true
12,4,2.4,14,true
20,1,1.1,,true
20,6,2.2,,true
11,1,1,16,true
11,3,0.8,16,true
13,3,0.8,16,true
11,1,1.1,17,true
11,3,0.9,17,true
11,6,2.3,17,true
11,8,4.5,17,true
18,1,0.5,18,true
18,2,1,18,true
11,3,1,18,true
7,3,1.5,18,true
11,13,1.1,19,true
11,3,1,19,true
30,5,2.5,19,true
34,4,1.5,19,true
16,4,2,19,true
31,4,2,19,true
8,4,1.5,19,true
11,1,1.1,20,true
13,1,1.1,20,true
11,6,2.2,20,true
11,1,1.1,21,true
11,3,1.1,21,true
11,6,2,21,true
20,1,1,87,true
21,4,2,87,true
21,4,2,87,true
35,4,1.2,87,true
20,2,1.2,87,true
36,4,2.5,87,true
11,1,1,22,true
11,3,0.9,22,true
10,4,1.8,22,true
9,4,1.9,22,true
11,1,1.2,23,true
11,4,1.3,23,true
34,4,1.5,23,true
13,3,1.3,23,true
11,1,1.1,24,true
34,4,1.6,24,true
12,4,1.8,24,true
13,1,1.2,24,true
11,1,1.2,26,true
11,7,1.6,26,true
36,4,2.5,26,true
2,4,2.25,26,true
11,1,1.3,25,true
13,1,1.3,25,true
11,1,1.1,27,true
13,3,1.3,27,true
11,1,1.2,28,true
11,4,1.5,28,true
11,3,1,28,true
11,1,1.2,29,true
11,6,2.4,29,true
34,3,1.3,29,true
11,1,1.1,30,true
34,4,1.5,30,true
13,1,1.2,30,true
11,6,2.75,30,true
11,2,2,30,true
12,4,1.8,31,true
11,1,1.1,31,true
13,1,1.2,31,true
27,1,2.2,32,true
27,12,4,32,true
17,1,2.2,32,true
17,12,4,32,true
22,4,2.5,32,true
38,13,2.2,32,true
38,12,4,32,true
29,1,1.2,32,true
29,4,1.5,32,true
23,5,2.5,32,true
20,4,1.5,32,true
1,4,3.2,32,true
28,11,3,32,true
15,4,3.5,32,true
14,4,2.5,32,true
11,1,1.2,33,true
12,4,2.5,33,true
29,4,1.8,33,true
36,4,2.5,33,true
33,4,2.5,33,true
11,1,1.5,34,true
11,1,1.1,35,true
11,1,1.15,36,true
11,4,2.3,36,true
34,4,1.5,36,true
11,1,1.2,37,true
11,6,2.5,37,true
11,9,7.2,37,true
10,3,1,37,true
11,1,1.1,38,true
11,6,2,38,true
13,1,1.1,38,true
11,1,1.3,39,true
11,3,1,39,true
34,4,1.2,39,true
11,1,1,40,true
11,3,1,40,true
11,4,1.2,40,true
8,4,2,40,true
11,1,1.1,41,true
11,6,2,41,true
11,3,1,41,true
11,4,1.5,41,true
11,1,1.2,42,true
11,6,2.4,42,true
11,1,1.5,42,true
11,1,1.1,43,true
11,3,1,43,true
11,1,1.25,44,true
11,4,1.8,44,true
11,6,3,44,true
11,14,8,44,true
34,3,1.25,44,true
11,1,1.35,45,true
11,1,1.2,46,true
11,1,1.1,47,true
11,3,1,47,true
11,6,2.5,47,true
11,1,1.1,48,true
12,4,1.8,48,true
13,1,1.1,48,true
11,12,2.2,48,true
11,1,1.1,49,true
11,12,2,49,true
13,1,1.1,49,true
11,3,0.8,49,true
34,4,1.5,49,true
6,1,1.1,49,true
11,1,1.1,50,true
11,1,1.1,51,true
11,3,1,51,true
11,1,1.2,52,true
12,4,2,52,true
11,3,1,52,true
13,1,1.2,52,true
34,4,1.5,52,true
11,1,1.1,53,true
11,3,0.9,53,true
11,1,1.1,54,true
11,6,2,54,true
11,4,1.3,54,true
25,3,1,54,true
21,4,1.8,54,true
12,4,1.8,54,true
20,4,1.5,54,true
40,4,1.8,54,true
26,4,3,54,true
33,5,3.5,54,true
14,4,2,54,true
38,4,1.6,54,true
32,4,3,54,true
11,3,0.9,56,true
11,4,2.3,56,true
7,4,2.3,56,true
25,4,2.3,56,true
11,1,1.2,57,true
11,1,1.5,,true
27,4,3.3,,true
33,4,2.85,,true
24,4,2.7,,true
11,1,1.4,,true
2,1,1.2,,true
40,4,2.7,,true
11,1,1.1,60,true
34,4,1.5,60,true
13,1,1.1,60,true
11,1,1.2,61,true
11,3,1,61,true
11,1,1.2,62,true
10,4,2.25,62,true
38,4,2.25,62,true
24,4,3.25,62,true
39,4,2.25,62,true
40,4,2.25,62,true
20,1,1.4,,true
21,4,2.2,,true
17,5,3,,true
11,1,1.1,64,true
25,4,1.4,64,true
34,1,1.3,64,true
34,3,1.5,64,true
14,4,2,64,true
12,4,1.8,64,true
11,3,0.9,64,true
13,1,1.1,64,true
11,1,1.2,65,true
13,1,1.2,65,true
11,12,2,65,true
11,1,1.2,,true
13,1,1.2,66,true
11,3,0.9,66,true
34,4,1.5,66,true
11,1,1.5,67,true
11,3,1,67,true
25,4,2.5,67,true
34,4,1.5,67,true
11,6,2.9,67,true
11,12,2,67,true
11,1,1.2,68,true
34,3,1.3,68,true
13,1,1.2,68,true
29,1,1.2,69,true
40,4,2.5,69,true
11,1,1.2,70,true
13,1,1.2,70,true
25,4,1.6,70,true
11,1,1.3,71,true
13,1,1.3,71,true
1,1,1.2,72,true
1,1,1.2,72,true
1,6,4.75,72,true
1,1,2.3,72,true
1,1,1.2,72,true
11,1,1.45,73,true
13,1,1.45,73,true
34,4,2.7,73,true
18,1,1.2,,true
42,1,1.3,,true
18,12,2.5,,true
11,1,1.2,75,true
13,1,1.2,75,true
34,4,1.5,75,true
11,12,1.5,76,true
13,12,1.5,76,true
34,4,1.5,76,true
11,1,1.2,77,true
13,1,1.2,77,true
11,6,1.5,77,true
2,1,1.4,78,true
40,4,2.5,78,true
11,3,1.4,78,true
11,1,1.2,79,true
13,1,1.2,79,true
12,4,2,79,true
11,1,1.2,,true
13,1,1.2,,true
12,4,2,,true
20,1,1.2,80,true
11,1,1.25,81,true
13,1,1.25,81,true
11,12,1.8,,true
13,12,1.8,,true
12,4,2.5,,true
40,4,2.5,,true
11,8,5,,true
11,12,1.8,82,true
13,12,1.8,82,true
12,4,2.5,82,true
40,4,2.5,82,true
11,8,5,82,true
11,3,1.5,83,true
2,1,2,83,true
40,4,3,83,true
3,1,2,83,true
2,12,3,83,true
11,1,1.2,84,true
13,1,1.2,84,true
34,4,1.9,84,true
25,4,2.75,84,true
12,4,2.75,84,true
19,1,1.5,85,true
38,1,1.5,85,true
38,4,2,85,true
41,4,2,85,true
11,3,1.2,85,true
42,1,1.3,85,true
35,1,2.1,86,true
12,4,2.9,86,true
11,1,1.2,88,true
13,1,1.3,88,true
12,4,2.4,88,true
34,1,1.2,88,true
11,1,1.2,89,true
13,1,1.2,89,true
2,4,2.5,89,true
11,1,1.2,90,true
13,1,1.3,90,true
34,4,1.6,90,true
11,3,1,90,true
11,12,2.5,90,true
11,1,1.2,,true
34,1,1.2,,true
11,1,1.2,92,true
12,4,2,92,true
11,3,1.5,92,true
27,13,2.5,,true
20,4,1.5,,true
33,5,3.5,,true
10,4,2.5,,true
7,4,2.5,,true
15,4,3.3,,true
32,1,2.8,,true
22,1,3.3,,true
26,4,3.3,,true
17,5,3.5,,true
23,4,3,,true
11,1,1.2,,true
11,13,1.5,,true
11,12,2.2,,true
13,1,1.2,,true
13,13,1.5,,true
13,12,2.2,,true
27,1,2,,true
27,13,2.6,,true
33,13,2.5,,true
33,12,3.3,,true
11,1,1.2,,true
11,13,1.5,,true
11,12,2.2,,true
13,1,1.2,,true
13,13,1.5,,true
13,12,2.2,,true
27,1,2,,true
27,13,2.6,,true
33,13,2.5,,true
33,12,3.3,,true
1,4,2.9,,true
54,4,3,,true
53,4,3,,true
7,4,2.8,,true
8,4,2.5,,true
16,4,3,,true
15,4,3.3,,true
17,5,3.4,,true
52,5,3.4,,true
22,4,3,,true
11,1,1,,true
11,6,1.5,,true
11,3,1,,true
11,7,1.5,,true
11,1,1.2,,true
13,1,1.5,,true
44,11,1.6,,true
12,4,2.8,,true
33,5,3.8,,true
11,6,2.6,,true
13,6,2.8,,true
11,13,1.8,,true
13,13,1.9,,true
11,13,1.5,,true
11,1,1,,true
11,7,1.5,,true
11,4,1.5,,true
6,4,1.5,,true
16,4,2.5,,true
25,4,2,,true
12,4,2.5,,true
34,4,1.5,,true
11,4,1.5,,true
12,4,2.5,,true
34,4,1.5,,true
25,4,2,,true
16,4,2.5,,true
6,4,1.5,,true
11,7,1.5,,true
11,4,1.5,,true
12,4,2.5,,true
34,4,1.5,,true
25,4,2,,true
16,4,2.5,,true
6,4,1.5,,true
11,7,1.5,,true
25,13,2,,true
25,4,3,,true
25,15,2,,true
25,4,3,,true
12,4,3,,true
12,16,5.95,,true
16,4,3.5,,true
6,4,2.5,,true
33,5,4.5,,true
25,15,2,,true
25,4,3,,true
12,4,3,,true
12,16,5.95,,true
16,4,3.5,,true
6,4,2.5,,true
33,5,4.5,,true
55,4,3.5,,true
24,1,3.2,,true
33,4,3.2,,true
53,1,3.2,,true
29,1,1.35,98,true
29,2,2.6,98,true
24,15,3.2,,true
33,15,3.2,,true
53,15,3.2,,true
11,3,1,,true
11,7,1.5,,true
11,4,1.5,,true
12,4,2.5,,true
34,4,1.5,,true
25,4,2,,true
16,4,2.5,,true
6,4,1.5,,true
11,7,1.5,,true
61,4,2,,true
11,4,1.5,,true
12,4,2.5,,true
34,4,1.5,,true
25,4,2,,true
16,4,2.5,,true
6,4,1.5,,true
11,7,1.5,,true
61,4,2,,true
11,4,1.5,,true
12,4,2.5,,true
34,4,1.5,,true
25,4,2,,true
16,4,2.5,,true
6,4,1.5,,true
11,7,1.5,,true
61,4,2,,true
25,15,2,,true
25,4,3,,true
12,4,3,,true
12,16,5.95,,true
16,4,3.5,,true
6,4,2.5,,true
33,5,4.5,,true
55,4,3.5,,true
61,4,3.5,,true
53,4,3.5,,true
64,6,3.5,,true
62,4,2.5,,true
63,11,3.5,,true
25,15,2,96,true
25,4,3,96,true
12,4,3,96,true
12,16,5.95,96,true
16,4,3.5,96,true
6,4,2.5,96,true
33,5,4.5,96,true
55,4,3.5,96,true
61,4,3.5,96,true
53,4,3.5,96,true
64,6,3.5,96,true
62,4,2.5,96,true
63,11,3.5,96,true
11,3,1,,true
11,7,1.5,,true
61,4,2.1,,true
29,1,1.4,,true
29,2,2.4,,true
29,6,3.5,,true
29,1,1.4,,true
29,2,2.4,,true
29,6,3.5,,true
29,1,1.4,99,true
29,2,2.4,99,true
29,6,3.5,99,true
18,1,1.5,,true
18,2,2.75,,true
18,6,3.75,,true
33,5,5,,true
16,4,3.5,,true
25,4,2.75,,true
38,4,3,,true
7,4,3.3,,true
18,1,1.5,,true
18,2,2.75,,true
18,6,3.75,,true
33,5,5,,true
16,4,3.5,,true
25,4,2.75,,true
38,4,3,,true
7,4,3.3,,true
29,1,1.3,,true
29,2,2.3,,true
29,6,3.5,,true
29,1,1.3,102,true
29,2,2.3,102,true
29,6,3.5,102,true
11,1,1.3,,true
11,1,1,,true
13,1,1.1,,true
34,4,1.2,,true
11,1,1.2,,true
13,1,1.3,,true
12,4,1.8,,true
34,4,1.5,,true
11,13,1.5,,true
11,6,2.5,,true
11,1,1.2,,true
13,1,1.2,,true
34,4,1.5,,true
12,4,2,,true
11,1,1.2,,true
13,1,1.2,,true
34,4,1.5,,true
11,1,1.3,,true
11,1,1,104,true
13,1,1.1,104,true
34,4,1.2,104,true
11,1,1.2,,true
13,1,1.3,,true
12,4,1.8,,true
34,4,1.5,,true
11,13,1.5,,true
11,6,2.5,,true
11,1,1.2,,true
13,1,1.3,,true
12,4,1.8,,true
34,4,1.5,,true
11,13,1.5,,true
11,6,2.5,,true
11,1,1.2,,true
13,1,1.3,,true
12,4,1.8,,true
34,4,1.5,,true
11,13,1.5,,true
11,6,2.5,,true
11,6,1.5,,true
11,1,1.2,,true
11,8,2.5,,true
20,1,1.1,15,true
20,6,2.2,15,true
20,8,5.4,15,true
11,1,1.2,105,true
13,1,1.2,105,true
34,4,1.5,105,true
12,4,2,105,true
11,1,1.2,,true
13,1,1.2,,true
34,4,1.5,,true
11,1,1.1,103,true
13,1,1.1,103,true
34,4,1.75,103,true
10,4,2.25,103,true
2,4,2.25,103,true
21,4,2.25,103,true
11,3,1,103,true
11,1,1.2,106,true
13,1,1.2,106,true
34,4,1.5,106,true
33,1,1.9,,true
53,13,4,,true
24,13,2.9,,true
26,4,4.5,,true
29,1,1.5,,true
29,2,2.6,,true
2,4,2,,true
29,3,1.3,,true
29,4,2,,true
20,4,2,,true
29,1,1.5,,true
29,2,2.6,,true
2,4,2,,true
11,1,1.2,,true
34,1,1.3,,true
33,5,3.7,,true
24,4,3.3,,true
25,4,2.2,,true
12,4,2.5,,true
44,4,2.2,,true
16,4,3.3,,true
53,4,3.5,,true
6,4,3,,true
6,1,1.3,,true
29,1,1.3,,true
29,2,2.2,,true
20,1,1.3,,true
20,12,3,,true
20,4,2,,true
20,1,1.3,,true
20,12,3,,true
20,4,2,,true
29,1,1.5,,true
29,2,2.1,,true
29,6,3.4,,true
35,1,1.3,,true
29,3,1.3,,true
35,6,2.5,,true
35,2,2,,true
24,5,5,,true
24,4,3,,true
32,4,3,,true
32,3,5,,true
33,5,5,,true
53,4,4.5,,true
5,1,1.3,,true
5,2,2,,true
5,6,3,,true
25,4,2,,true
29,4,2,,true
5,1,1.3,,true
5,2,2,,true
5,6,3,,true
25,4,2,,true
29,4,2,,true
24,5,5,,true
24,4,3,,true
32,4,3,,true
32,3,5,,true
33,5,5,,true
53,4,4.5,,true
15,4,4.5,,true
63,4,3.5,,true
24,5,5,,true
24,4,3,,true
32,4,3,,true
32,3,5,,true
33,5,5,,true
53,4,4.5,,true
15,4,4.5,,true
63,4,3.5,,true
33,1,1.9,108,true
53,13,4,108,true
24,13,2.9,108,true
26,4,4.5,108,true
29,1,1.5,109,true
29,2,2.6,109,true
2,4,2,109,true
29,3,1.3,110,true
29,4,2,110,true
20,4,2,110,true
11,1,1.2,,true
34,1,1.3,,true
33,5,3.7,,true
24,4,3.3,,true
25,4,2.2,,true
12,4,2.5,,true
44,4,2.2,,true
16,4,3.3,,true
53,4,3.5,,true
6,4,3,,true
6,1,1.3,,true
29,1,1.3,112,true
29,2,2.2,112,true
20,1,1.3,,true
20,12,3,,true
20,4,2,,true
35,1,1.3,,true
29,3,1.3,,true
35,6,2.5,,true
35,2,2,,true
29,1,1.5,,true
29,2,2.1,,true
29,6,3.4,,true
20,1,1.3,113,true
20,12,3,113,true
20,4,2,113,true
5,1,1.3,117,true
5,2,2,117,true
5,6,3,117,true
25,4,2,117,true
29,4,2,117,true
24,5,5,,true
24,4,3,,true
32,4,3,,true
32,3,5,,true
33,5,5,,true
53,4,4.5,,true
15,4,4.5,,true
63,4,3.5,,true
11,1,1.2,111,true
34,1,1.3,111,true
33,5,3.7,111,true
24,4,3.3,111,true
25,4,2.2,111,true
12,4,2.5,111,true
44,4,2.2,111,true
16,4,3.3,111,true
53,4,3.5,111,true
6,4,3,111,true
6,1,1.3,111,true
24,15,3.2,97,true
33,15,3.2,97,true
53,15,3.2,97,true
78,15,2.5,97,true
74,15,2.2,97,true
66,13,2.75,100,true
72,13,3.25,100,true
67,13,3.35,100,true
18,1,1.5,101,true
18,2,2.75,101,true
18,6,3.75,101,true
33,5,5,101,true
16,4,3.5,101,true
25,4,2.75,101,true
38,4,3,101,true
7,4,3.3,101,true
73,4,3.5,101,true
68,5,5,101,true
29,1,1.5,,true
29,2,2.1,,true
29,6,3.4,,true
69,4,2.5,,true
70,4,2.7,,true
77,4,2.5,,true
24,5,5,116,true
24,4,3,116,true
32,4,3,116,true
32,3,5,116,true
33,5,5,116,true
53,4,4.5,116,true
15,4,4.5,116,true
63,4,3.5,116,true
73,15,2,116,true
72,4,4.5,116,true
74,4,3,116,true
75,4,5,116,true
76,4,5,116,true
49,15,2.5,116,true
49,12,3.5,116,true
73,12,3,116,true
29,1,1.5,,true
29,2,2.9,,true
29,4,2.9,,true
29,1,1.4,,true
29,2,2.4,,true
20,4,2.4,,true
29,1,1.3,,true
29,6,3.5,,true
18,1,1.2,,true
18,2,2.2,,true
18,4,2,,true
18,6,4,,true
38,3,1.4,,true
29,3,1.4,,true
38,1,1.2,,true
38,2,1.6,,true
38,6,2.2,,true
29,3,1.3,,true
25,4,2.5,,true
40,4,3,,true
29,1,1.55,,true
29,2,2.95,,true
2,4,3.1,,true
29,6,4.3,,true
20,1,1.3,,true
20,2,2.25,,true
71,4,2.25,,true
20,6,3.5,,true
29,1,1.3,,true
29,2,2.2,,true
29,6,2.9,,true
29,4,2.2,,true
25,4,3,,true
25,2,2.5,,true
29,1,1.2,,true
29,2,2.2,,true
29,6,3.8,,true
29,4,1.5,,true
35,1,1,,true
29,1,1.5,354,true
29,2,2.9,354,true
29,4,2.9,354,true
29,1,1.4,355,true
29,2,2.4,355,true
20,4,2.4,355,true
29,1,1.3,,true
29,6,3.5,,true
18,1,1.2,357,true
18,2,2.2,357,true
18,4,2,357,true
18,6,4,357,true
38,3,1.4,357,true
29,3,1.4,357,true
38,1,1.2,358,true
38,2,1.6,358,true
38,6,2.2,358,true
29,3,1.3,358,true
25,4,2.5,358,true
40,4,3,358,true
29,1,1.2,,true
29,2,2.2,,true
29,6,3.8,,true
29,4,1.5,,true
35,1,1,,true
29,1,1.55,362,true
29,2,2.95,362,true
2,4,3.1,362,true
29,6,4.3,362,true
29,1,1.2,361,true
29,2,2.2,361,true
29,6,3.8,361,true
29,4,1.5,361,true
35,3,1,361,true
20,1,1.3,359,true
20,2,2.25,359,true
71,4,2.25,359,true
20,6,3.5,359,true
25,4,3,,true
25,2,2.5,,true
29,1,1.3,360,true
29,2,2.2,360,true
29,6,2.9,360,true
29,4,2.2,360,true
29,2,2.7,,true
29,6,4.5,,true
80,4,3.35,,true
82,4,2.9,,true
79,4,2.9,,true
2,4,3,,true
8,4,2.9,,true
25,2,3,363,true
5,4,3.5,363,true
55,4,3.5,363,true
24,4,4,363,true
52,5,4,363,true
33,5,4,363,true
27,4,3.5,363,true
32,4,3.5,363,true
29,1,1.3,356,true
29,6,3.5,356,true
81,1,1.3,356,true
11,1,1.2,,true
13,1,1.3,,true
12,4,1.8,,true
34,4,1.6,,true
11,7,1.5,,true
11,6,2.5,,true
44,3,1.6,,true
6,3,1.3,,true
11,7,1.5,,true
11,1,1.2,,true
11,8,2.5,,true
13,1,1.3,,true
13,3,1.3,,true
34,4,2.2,,true
12,4,2.2,,true
25,4,2.2,,true
11,4,2.2,,true
11,1,1.2,,true
11,12,2.4,,true
34,4,1.5,,true
13,1,1.25,,true
6,3,1.25,,true
44,3,1.25,,true
60,1,0.4,,true
60,13,0.8,,true
65,4,1.5,,true
29,1,0.45,,true
29,6,1,,true
19,1,1,,true
42,1,1.2,,true
38,2,2.5,,true
41,4,2.5,,true
19,12,1.9,,true
38,1,1.2,,true
78,6,5,,true
11,15,2.8,,true
11,4,3,,true
25,4,3.5,,true
36,4,3.2,,true
24,15,2.8,,true
24,12,4.45,,true
32,15,2.8,,true
32,12,4.9,,true
53,4,3.8,,true
33,4,3.8,,true
33,6,4.9,,true
74,4,3.8,,true
63,3,3.8,,true
73,15,2.8,,true
73,12,4.9,,true
61,4,3.8,,true
55,4,3.8,,true
16,4,3.8,,true
29,1,1.35,423,true
29,2,2,423,true
29,3,1.4,423,true
33,15,2.5,,true
33,12,3.5,,true
25,12,3.5,,true
29,4,3.5,,true
32,12,3.5,,true
40,4,4,,true
52,5,5,,true
25,15,2.5,,true
32,15,2.5,,true
33,15,2.5,424,true
33,12,3.5,424,true
25,12,3.5,424,true
29,4,3.5,424,true
32,12,3.5,424,true
40,4,4,424,true
52,5,5,424,true
25,15,2.5,424,true
32,15,2.5,424,true
35,1,1.5,,true
35,2,2.35,,true
35,1,1.5,,true
35,2,2.35,,true
29,3,1.35,,true
29,4,2.2,,true
5,1,1.3,,true
40,4,2.5,,true
8,4,2.2,,true
29,1,1,,true
29,2,2,,true
29,3,0.8,,true
2,2,2.2,,true
40,4,2.8,,true
2,12,2.5,,true
2,2,2.2,,true
40,4,2.8,,true
2,12,2.5,,true
2,4,2.6,,true
25,1,2,,true
25,2,2.55,,true
24,12,5.45,,true
24,15,3.15,,true
7,4,4,,true
26,4,4,,true
29,1,1,,true
29,2,1.4,,true
29,6,2.5,,true
29,8,5,,true
29,1,1.5,,true
29,2,2,,true
29,4,2,,true
29,3,1.5,,true
29,6,3,,true
18,2,3,,true
38,4,4,,true
7,4,4,,true
15,4,4,,true
7,4,3.5,,true
10,4,3.5,,true
29,1,1.4,,true
29,2,2.5,,true
29,4,2.5,,true
29,6,3.5,,true
29,1,1.5,,true
29,2,2.5,,true
29,6,3.6,,true
25,2,2.8,,true
38,4,2.8,,true
25,4,2.8,,true
20,4,2.4,,true
29,1,1.4,,true
29,2,2.3,,true
29,4,2.4,,true
29,6,4.5,,true
11,2,2,,true
11,6,3,,true
11,2,2,,true
11,6,3,,true
20,4,2.4,568,true
29,1,1.4,568,true
29,2,2.3,568,true
29,4,2.4,568,true
29,6,4.5,568,true
11,2,2,569,true
11,6,3,569,true
29,1,1.3,,true
29,2,1.8,,true
29,4,2.2,,true
29,6,3.5,,true
40,4,2.5,,true
8,4,2.1,,true
29,2,2.4,,true
29,2,2.4,,true
5,1,1.5,,true
5,2,2.3,,true
5,6,3.7,,true
5,8,12,,true
11,1,1.4,55,true
11,2,2.5,55,true
26,4,3.8,55,true
7,4,3.3,55,true
55,4,3.3,55,true
25,4,3.3,55,true
32,4,3.5,55,true
33,4,4.2,55,true
24,4,4,55,true
5,1,1.2,,true
5,2,2.1,,true
40,4,2.7,,true
1,4,2.6,,true
14,4,2.2,,true
5,1,1.3,,true
11,1,1,,true
11,2,1.5,,true
12,4,3,,true
34,4,1.5,,true
11,1,1.1,,true
11,3,0.8,,true
11,4,1,,true
34,4,1.3,,true
4,4,1.3,,true
44,3,1.1,,true
13,3,1.1,,true
6,3,1.1,,true
11,1,1,586,true
11,2,1.5,586,true
12,4,3,586,true
34,4,1.5,586,true
5,1,1.3,585,true
5,1,1.5,584,true
5,2,2.3,584,true
5,6,3.7,584,true
5,8,12,584,true
29,1,1.3,582,true
29,2,1.8,582,true
29,4,2.2,582,true
29,6,3.5,582,true
40,4,2.5,582,true
8,4,2.1,582,true
29,2,2.4,583,true
29,3,1.35,557,true
29,4,2.2,557,true
5,1,1.3,557,true
40,4,2.5,557,true
8,4,2.2,557,true
29,1,1,558,true
29,2,2,558,true
29,3,0.8,558,true
2,2,2.2,559,true
40,4,2.8,559,true
2,12,2.5,559,true
2,4,2.6,559,true
25,1,2,560,true
25,2,2.55,560,true
24,12,5.45,560,true
24,15,3.15,560,true
7,4,4,560,true
26,4,4,560,true
25,2,2.8,,true
38,4,2.8,,true
25,4,2.8,,true
29,1,1.5,566,true
29,2,2.5,566,true
29,6,3.6,566,true
5,1,1.2,588,true
5,2,2.1,588,true
40,4,2.7,588,true
1,4,2.6,588,true
14,4,2.2,588,true
25,2,2.8,567,true
38,4,2.8,567,true
25,4,2.8,567,true
29,1,1.4,,true
29,2,2.5,,true
29,4,2.5,,true
29,6,3.5,,true
35,1,1.5,426,true
35,2,2.35,426,true
29,1,1.5,562,true
29,2,2,562,true
29,4,2,562,true
29,3,1.5,562,true
29,6,3,562,true
18,2,3,563,true
38,4,4,563,true
7,4,4,563,true
15,4,4,564,true
7,4,3.5,564,true
10,4,3.5,564,true
2,4,3,564,true
56,4,3.5,564,true
29,1,1.4,565,true
29,2,2.5,565,true
29,4,2.5,565,true
29,6,3.5,565,true
29,1,1,,true
29,2,1.4,,true
29,6,2.5,,true
29,8,5,,true
29,1,1,561,true
29,2,1.4,561,true
29,6,2.5,561,true
29,8,5,561,true
11,4,1.5,95,true
12,4,2.5,95,true
34,4,1.5,95,true
25,4,2,95,true
16,4,2.5,95,true
6,4,1.5,95,true
11,7,1.5,95,true
61,4,2,95,true
26,4,3,95,true
24,4,3,95,true
11,1,1.2,,true
11,2,2.2,,true
11,3,1,,true
13,1,1.2,,true
11,1,1.2,,true
11,2,2.2,,true
25,4,2,,true
40,4,2.2,,true
13,1,1.2,,true
13,2,2.2,,true
4,4,1.8,,true
11,4,1.8,,true
11,1,1.5,,true
11,2,2.5,,true
11,1,1.3,,true
11,3,1,,true
11,6,2.5,,true
11,1,1.1,,true
11,2,2.2,,true
13,1,1.2,,true
11,1,1.1,,true
11,2,2.2,,true
29,4,1.8,,true
40,4,1.8,,true
12,4,2,,true
25,4,1.8,,true
11,1,1.5,,true
11,1,1.5,,true
11,2,2.7,,true
12,4,2.5,,true
13,1,1.5,,true
13,2,2.7,,true
34,4,2,,true
11,1,1.5,,true
11,2,3,,true
13,1,1.5,,true
13,2,3,,true
11,1,1,,true
11,2,2,,true
11,3,0.8,,true
25,4,1.5,,true
34,4,1.5,,true
13,1,1,,true
13,2,2,,true
11,1,1.1,,true
11,2,2,,true
11,4,1.8,,true
34,4,1.4,,true
13,1,1.2,,true
11,1,1.2,,true
13,1,1.2,,true
11,2,2,,true
13,2,2,,true
20,1,1.25,,true
20,2,2.4,,true
11,1,1.1,,true
11,2,2.2,,true
11,3,0.9,,true
26,4,3.5,,true
34,4,1.6,,true
25,4,1.5,,true
12,4,2.4,,true
10,4,2.4,,true
13,1,1.1,,true
13,2,2.2,,true
11,1,1.3,,true
11,2,2.4,,true
12,4,2.4,,true
13,2,2.4,,true
13,1,1.3,,true
34,4,2.4,,true
40,4,2.4,,true
4,4,2.4,,true
14,4,2.4,,true
25,4,2.4,,true
11,1,1.1,,true
20,1,1.2,,true
20,2,1.5,,true
10,4,2.5,,true
40,4,2.5,,true
71,4,2.5,,true
25,4,2.5,,true
12,4,2.5,,true
18,1,1.4,,true
18,2,1.65,,true
38,4,2.5,,true
5,1,1,,true
5,2,2.2,,true
13,3,1.2,,true
10,4,3,,true
16,4,3,,true
7,4,3,,true
8,4,3,,true
32,4,3,,true
52,4,3,,true
26,4,3,,true
11,1,1.2,,true
11,2,1.5,,true
13,1,1.5,,true
19,1,0.5,,true
19,2,1,,true
11,3,1,,true
42,3,1,,true
11,1,1.2,,true
11,2,2.3,,true
13,1,1.2,,true
13,2,2.3,,true
34,4,1.6,,true
5,1,1.5,,true
5,6,3,,true
25,4,2.5,,true
12,4,2.5,,true
40,4,2.5,,true
14,4,2.5,,true
10,4,2.5,,true
55,4,2.5,,true
35,4,2.5,,true
11,1,1.2,,true
13,1,1.2,,true
34,4,1.5,,true
11,1,1.2,,true
13,1,1.35,,true
11,2,2.5,,true
11,1,1.3,,true
11,2,3,,true
13,3,1.5,,true
11,3,1.1,,true
40,4,2.5,,true
12,4,2.5,,true
34,4,2.5,,true
4,4,2.5,,true
2,1,1.5,,true
11,2,1.6,,true
11,3,1.4,,true
11,1,1,,true
11,2,2,,true
13,1,1.5,,true
11,1,1.5,,true
11,6,3.5,,true
13,1,1.5,,true
34,4,2.5,,true
12,4,3,,true
11,1,1.2,,true
11,6,3,,true
13,1,1.2,,true
25,4,2.5,,true
12,4,2.5,,true
34,4,2,,true
11,1,1.2,,true
11,6,3,,true
13,1,1.2,,true
5,1,1.5,,true
5,6,3,,true
13,3,1.5,,true
2,2,2.55,,true
40,4,2.55,,true
2,2,2.55,,true
40,4,2.55,,true
5,1,1.5,,true
5,6,3,,true
13,3,1.5,,true
2,2,2.55,654,true
40,4,2.55,654,true
5,1,1.5,653,true
5,6,3,653,true
13,3,1.5,653,true
11,1,1.2,652,true
11,6,3,652,true
13,1,1.2,652,true
11,1,1.2,651,true
11,6,3,651,true
13,1,1.2,651,true
25,4,2.5,651,true
12,4,2.5,651,true
34,4,2,651,true
11,1,1.2,618,true
11,2,2.2,618,true
11,3,1,618,true
13,1,1.2,618,true
11,1,1.2,619,true
11,2,2.2,619,true
25,4,2,619,true
40,4,2.2,619,true
13,1,1.2,619,true
13,2,2.2,619,true
4,4,1.8,619,true
11,4,1.8,619,true
11,1,1.5,620,true
11,2,2.5,620,true
11,1,1.3,621,true
11,3,1,621,true
11,6,2.5,621,true
11,1,1.5,650,true
11,6,3.5,650,true
13,1,1.5,650,true
34,4,2.5,650,true
12,4,3,650,true
11,1,1,,true
11,2,2,,true
13,1,1.5,,true
11,2,1.6,648,true
11,3,1.4,648,true
2,1,1.5,647,true
11,1,1.3,646,true
11,2,3,646,true
13,3,1.5,646,true
11,3,1.1,646,true
40,4,2.5,646,true
12,4,2.5,646,true
34,4,2.5,646,true
4,4,2.5,646,true
11,1,1.1,622,true
11,2,2.2,622,true
13,1,1.2,622,true
11,1,1.1,623,true
11,2,2.2,623,true
29,4,1.8,623,true
40,4,1.8,623,true
12,4,2,623,true
25,4,1.8,623,true
11,1,1.5,624,true
11,1,1.5,625,true
11,2,2.7,625,true
12,4,2.5,625,true
13,1,1.5,625,true
13,2,2.7,625,true
34,4,2,625,true
11,1,1.5,626,true
11,2,3,626,true
13,1,1.5,626,true
13,2,3,626,true
18,1,1.4,,true
18,2,1.65,,true
38,4,2.5,,true
11,1,1,627,true
11,2,2,627,true
11,3,0.8,627,true
25,4,1.5,627,true
34,4,1.5,627,true
13,1,1,627,true
13,2,2,627,true
11,1,1.2,637,true
11,2,1.5,637,true
13,1,1.5,637,true
11,1,1.2,645,true
13,1,1.35,645,true
11,2,2.5,645,true
11,1,1.2,644,true
13,1,1.2,644,true
34,4,1.5,644,true
19,1,0.5,638,true
19,2,1,638,true
11,3,1,638,true
42,3,1,638,true
11,1,1.1,,true
11,2,2,,true
11,4,1.8,,true
34,4,1.4,,true
13,1,1.2,,true
11,1,1.1,628,true
11,2,2,628,true
11,4,1.8,628,true
34,4,1.4,628,true
13,1,1.2,628,true
11,1,1.2,629,true
13,1,1.2,629,true
11,2,2,629,true
13,2,2,629,true
20,1,1.25,630,true
20,2,2.4,630,true
20,1,1.2,,true
20,2,1.5,,true
10,4,2.5,,true
40,4,2.5,,true
71,4,2.5,,true
25,4,2.5,,true
12,4,2.5,,true
20,1,1.2,,true
20,2,1.5,,true
10,4,2.5,,true
40,4,2.5,,true
71,4,2.5,,true
25,4,2.5,,true
12,4,2.5,,true
20,1,1.2,,true
20,2,1.5,,true
10,4,2.5,,true
40,4,2.5,,true
71,4,2.5,,true
25,4,2.5,,true
12,4,2.5,,true
20,1,1.2,,true
20,2,1.5,,true
10,4,2.5,,true
40,4,2.5,,true
71,4,2.5,,true
25,4,2.5,,true
12,4,2.5,,true
11,1,1.3,,true
11,2,2.4,,true
12,4,2.4,,true
13,2,2.4,,true
13,1,1.3,,true
34,4,2.4,,true
40,4,2.4,,true
4,4,2.4,,true
14,4,2.4,,true
25,4,2.4,,true
11,1,1.1,633,true
11,1,1.3,632,true
11,2,2.4,632,true
12,4,2.4,632,true
13,2,2.4,632,true
13,1,1.3,632,true
34,4,2.4,632,true
40,4,2.4,632,true
4,4,2.4,632,true
14,4,2.4,632,true
25,4,2.4,632,true
11,1,1.1,631,true
11,2,2.2,631,true
11,3,0.9,631,true
26,4,3.5,631,true
34,4,1.6,631,true
25,4,1.5,631,true
12,4,2.4,631,true
10,4,2.4,631,true
13,1,1.1,631,true
13,2,2.2,631,true
5,1,1,,true
5,2,2.2,,true
13,3,1.2,,true
10,4,3,,true
52,4,3,,true
7,4,3,,true
8,4,3,,true
32,4,3,,true
16,4,3,,true
26,4,3,,true
5,1,1.5,,true
5,6,3,,true
25,4,2.5,,true
12,4,2.5,,true
40,4,2.5,,true
14,4,2.5,,true
10,4,2.5,,true
55,4,2.5,,true
35,4,2.5,,true
18,1,1.4,635,true
18,2,1.65,635,true
38,4,2.5,635,true
11,1,1.3,,true
11,2,3,,true
29,4,3,,true
40,4,4,,true
13,1,1.3,,true
34,4,2.5,,true
12,4,3,,true
25,4,2.5,,true
13,2,2.35,,true
11,2,2.35,,true
12,4,4,,true
25,4,4,,true
11,2,1.6,,true
11,3,1,,true
13,2,1.6,,true
35,2,1.6,,true
11,1,1.2,,true
13,1,1.2,,true
11,1,1.2,,true
13,1,1.2,,true
11,2,2.3,,true
13,2,2.3,,true
11,1,1.3,,true
11,2,3,,true
13,1,1.3,,true
13,2,3,,true
11,3,1,,true
38,4,2,,true
29,4,2,,true
20,4,2,,true
40,4,2.5,,true
15,4,4,,true
17,5,4,,true
39,4,2,,true
11,1,1.6,,true
11,2,3,,true
13,1,1.6,,true
13,2,3,,true
11,1,1.5,,true
11,2,2.75,,true
13,1,1.5,,true
13,2,2.75,,true
11,6,3.75,,true
7,4,2.5,,true
33,4,3,,true
24,4,3,,true
25,4,2.5,,true
11,1,1.5,,true
11,2,2.75,,true
13,1,1.5,,true
13,2,2.75,,true
11,17,3.75,,true
7,4,2.5,,true
33,4,3,,true
24,4,3,,true
25,4,2.5,,true
11,1,1.2,,true
13,1,1.2,,true
11,6,2,,true
11,3,1.2,,true
11,3,1.5,,true
40,4,2.5,,true
10,4,2.5,,true
11,1,1.2,,true
13,1,1.5,,true
11,2,2.4,,true
11,3,1.2,,true
25,1,1.2,,true
25,2,1.5,,true
25,6,3,,true
11,3,1.2,,true
11,1,1.2,,true
11,2,1.5,,true
13,1,1.2,,true
13,2,1.5,,true
25,4,2,,true
24,4,2,,true
11,1,1.1,,true
13,1,1.1,,true
11,3,1,,true
12,4,1.8,,true
11,1,1.1,,true
13,1,1.1,,true
11,3,1,,true
12,4,1.8,,true
2,1,1.5,,true
2,2,2.4,,true
11,3,1.5,,true
10,4,3,,true
2,1,1.5,,true
2,2,2.4,,true
13,3,1.5,,true
10,4,3,,true
2,1,1.5,,true
2,2,2.4,,true
13,3,1.5,,true
10,4,3,,true
2,1,1.5,,true
2,2,2.4,,true
13,3,1.5,,true
10,4,3,,true
11,1,1.2,674,true
25,4,1.8,674,true
14,1,2,674,true
7,4,2,674,true
11,1,1.2,,true
25,4,1.8,,true
14,1,2,,true
7,4,2,,true
11,1,1.3,656,true
11,2,3,656,true
29,4,3,656,true
40,4,4,656,true
13,1,1.3,656,true
34,4,2.5,656,true
12,4,3,656,true
25,4,2.5,656,true
13,2,2.35,657,true
11,2,2.35,657,true
12,4,4,657,true
25,4,4,657,true
11,1,1.1,670,true
13,1,1.1,670,true
11,3,1,670,true
12,4,1.8,670,true
11,1,1.1,669,true
13,1,1.1,669,true
11,3,1,669,true
12,4,1.8,669,true
11,1,1.2,668,true
11,2,1.5,668,true
13,1,1.2,668,true
13,2,1.5,668,true
25,4,2,668,true
24,4,2,668,true
25,1,1.2,667,true
25,2,1.5,667,true
25,6,3,667,true
11,3,1.2,667,true
11,1,1.6,,true
11,2,3,,true
13,1,1.6,,true
13,2,3,,true
11,2,1.6,658,true
11,3,1,858,true
13,2,1.6,858,true
35,2,1.6,858,true
11,1,1.2,666,true
13,1,1.5,666,true
11,2,2.4,666,true
11,3,1.2,666,true
11,3,1.5,665,true
40,4,2.5,665,true
10,4,2.5,665,true
11,1,1.2,664,true
13,1,1.2,664,true
11,6,2,664,true
11,3,1.2,664,true
11,1,1.5,,true
11,2,2.75,,true
13,1,1.5,,true
13,2,2.75,,true
11,17,3.75,,true
7,4,2.5,,true
33,4,3,,true
24,4,3,,true
25,4,2.5,,true
11,1,1.2,659,true
13,1,1.2,659,true
11,1,1.2,660,true
13,1,1.2,660,true
11,2,2.3,660,true
13,2,2.3,660,true
11,1,1.3,,true
11,2,3,,true
13,1,1.3,,true
13,2,3,,true
11,3,1,,true
38,4,2,,true
29,4,2,,true
20,4,2,,true
40,4,2.5,,true
15,4,4,,true
17,5,4,,true
39,4,2,,true
2,1,1.5,,true
2,2,2.4,,true
11,3,1.5,,true
10,4,3,,true
2,1,1.5,,true
2,2,2.4,,true
13,3,1.5,,true
10,4,3,,true
2,1,1.5,,true
2,2,2.4,,true
13,3,1.5,,true
10,4,3,,true
2,1,1.5,,true
2,2,2.4,,true
13,3,1.5,,true
10,4,3,,true
43,1,3.25,,true
35,2,3.45,,true
35,6,3.95,,true
8,4,3.25,,true
10,4,3.25,,true
5,1,1.5,,true
5,6,3,,true
25,4,2.5,,true
12,4,2.5,,true
40,4,2.5,,true
14,4,2.5,,true
10,4,2.5,,true
55,4,2.5,,true
35,4,2.5,,true
90,3,1.5,,true
11,1,1,,true
11,6,1.5,,true
60,1,0.4,,true
60,13,0.8,,true
65,4,1.5,,true
84,4,1.5,,true
85,4,1.5,,true
29,2,2.7,,true
29,6,4.5,,true
80,4,3.35,,true
82,4,2.9,,true
79,4,2.9,,true
2,4,3,,true
8,4,2.9,,true
11,1,1.2,,true
11,2,2.3,,true
13,1,1.2,,true
13,2,2.3,,true
34,4,1.6,,true
43,1,3.25,,true
35,2,3.45,,true
35,6,3.95,,true
8,4,3.25,,true
10,4,3.25,,true
11,1,1.2,,true
11,12,2.4,,true
34,4,1.5,,true
13,1,1.25,,true
6,3,1.25,,true
44,3,1.25,,true
19,1,1,,true
42,1,1.2,,true
38,2,2.5,,true
41,4,2.5,,true
19,12,1.9,,true
38,1,1.2,,true
11,13,1.5,,true
11,1,1,,true
78,6,5,,true
78,1,2.8,,true
11,4,3,,true
25,4,3.5,,true
36,4,3.2,,true
24,15,2.8,,true
24,12,4.45,,true
32,15,2.8,,true
32,12,4.9,,true
83,4,3.8,,true
53,4,3.8,,true
33,4,3.8,,true
33,6,4.9,,true
78,6,5,,true
78,1,2.8,,true
11,4,3,,true
25,4,3.5,,true
36,4,3.2,,true
24,15,2.8,,true
24,12,4.45,,true
32,15,2.8,,true
32,12,4.9,,true
83,4,3.8,,true
53,4,3.8,,true
33,4,3.8,,true
33,6,4.9,,true
74,4,3.8,,true
63,3,3.8,,true
73,15,2.8,,true
73,12,4.9,,true
61,4,3.8,,true
55,4,3.8,,true
16,4,3.8,,true
5,1,1,,true
5,2,2.2,,true
13,3,1.2,,true
88,4,1.5,,true
5,1,1,636,true
5,2,2.2,636,true
13,3,1.2,636,true
88,4,1.5,636,true
5,1,1.5,643,true
5,6,3,643,true
25,4,2.5,643,true
12,4,2.5,643,true
40,4,2.5,643,true
14,4,2.5,643,true
10,4,2.5,643,true
55,4,2.5,643,true
35,4,2.5,643,true
90,3,1.5,643,true
62,4,2.5,643,true
10,4,3,655,true
52,4,3,655,true
7,4,3,655,true
8,4,3,655,true
32,4,3,655,true
16,4,3,655,true
26,4,3,655,true
87,4,3,655,true
11,1,1.3,,true
11,2,3,,true
13,1,1.3,,true
13,2,3,,true
11,3,1,,true
38,4,2,,true
29,4,2,,true
20,4,2,,true
40,4,2.5,,true
15,4,4,,true
17,5,4,,true
39,4,2,,true
89,4,2,,true
11,1,1.3,661,true
11,2,3,661,true
13,1,1.3,661,true
13,2,3,661,true
11,3,1,661,true
38,4,2,661,true
29,4,2,661,true
20,4,2,661,true
40,4,2.5,661,true
15,4,4,661,true
17,5,4,661,true
39,4,2,661,true
89,4,2,661,true
11,1,1.6,662,true
11,2,3,662,true
13,1,1.6,662,true
13,2,3,662,true
11,1,1.5,663,true
11,2,2.75,663,true
13,1,1.5,663,true
13,2,2.75,663,true
11,17,3.75,663,true
7,4,2.5,663,true
33,4,3,663,true
24,4,3,663,true
25,4,2.5,663,true
2,1,1.5,,true
2,2,2.4,,true
13,3,1.5,,true
10,4,3,,true
86,4,3,,true
2,1,1.5,673,true
2,2,2.4,673,true
13,3,1.5,673,true
10,4,3,673,true
86,4,3,673,true
2,1,1.5,672,true
2,2,2.4,672,true
13,3,1.5,672,true
10,4,3,672,true
86,4,3,672,true
2,1,1.5,671,true
2,2,2.4,671,true
11,3,1.5,671,true
10,4,3,671,true
86,4,3,671,true
11,1,1.1,,true
11,3,1.1,,true
13,1,1.15,,true
11,1,1.1,,true
13,1,1.1,,true
11,2,2,,true
13,2,2,,true
11,1,1.1,,true
13,1,1,,true
11,2,2,,true
13,2,2,,true
11,3,1,,true
11,4,1.1,,true
11,1,1.25,,true
13,1,1.25,,true
11,12,2.5,,true
13,12,2.5,,true
11,1,1.2,,true
13,1,1.2,,true
11,1,1.1,,true
13,1,1.2,,true
11,3,1,,true
11,1,1.2,,true
13,3,1,,true
11,6,2.5,,true
40,4,2.5,,true
20,4,2.5,,true
92,4,2.5,,true
14,4,2.5,,true
11,3,1,,true
18,1,1.5,,true
18,6,2.8,,true
42,1,1.5,,true
11,4,1.5,,true
40,4,2.2,,true
38,4,2.2,,true
11,4,3,,true
16,4,3.5,,true
10,4,3.5,,true
34,4,3,,true
13,4,3,,true
11,1,1.2,,true
11,6,3,,true
34,4,1.5,,true
18,2,1.8,,true
24,4,2.5,,true
12,4,2.5,,true
37,4,2.5,,true
11,1,1.2,,true
13,3,1,,true
11,1,1.1,700,true
13,1,1.1,700,true
34,4,1.4,700,true
11,3,1.1,700,true
2,1,1.2,,true
3,1,1.2,,true
40,4,2,,true
11,1,1.2,,true
13,1,1.2,,true
11,2,2.3,,true
11,1,1.5,,true
11,2,3,,true
13,3,1.7,,true
11,8,8,,true
11,3,1,,true
11,4,2.5,,true
11,1,1.2,,true
13,1,1.2,,true
11,3,1,,true
11,8,6,,true
20,1,1.3,,true
20,2,2,,true
71,1,1.3,,true
11,4,2.5,,true
25,4,3,,true
11,1,1.6,,true
11,2,3.1,,true
5,1,1.6,,true
5,2,3.1,,true
13,4,2.3,,true
24,15,2.5,,true
24,12,4.6,,true
33,15,2.3,,true
33,12,4.3,,true
78,15,2.3,,true
78,12,4.3,,true
73,15,1.7,,true
73,12,3.3,,true
25,15,1.7,,true
25,12,3.3,,true
53,4,3.5,,true
20,4,3.5,,true
7,4,2.5,,true
29,4,2.3,,true
8,4,3,,true
53,4,3.5,,true
20,4,2.3,,true
7,4,2.5,,true
29,4,2.3,,true
8,4,3,,true
55,4,3,,true
10,4,3,,true
16,4,3.2,,true
44,4,2.3,,true
34,4,2.3,,true
53,4,3.5,,true
20,4,2.3,,true
7,4,2.5,,true
29,4,2.3,,true
8,4,3,,true
55,4,3,,true
10,4,3,,true
16,4,3.2,,true
44,4,2.3,,true
34,4,2.3,,true
11,1,1.6,,true
11,2,3.1,,true
5,1,1.6,,true
5,2,3.1,,true
13,4,2.3,,true
53,4,3.5,,true
20,4,2.3,,true
7,4,2.5,,true
29,4,2.3,,true
8,4,3,,true
55,4,3,,true
10,4,3,,true
16,4,3.2,,true
44,4,2.3,,true
34,4,2.3,,true
11,1,1.6,,true
11,2,3.1,,true
5,1,1.6,,true
5,2,3.1,,true
13,4,2.3,,true
24,15,2.5,,true
24,12,4.6,,true
33,15,2.3,,true
33,12,4.3,,true
78,15,2.3,,true
11,1,1.2,,true
13,1,1.2,,true
11,3,1.2,,true
12,4,2,,true
19,1,0.6,,true
11,1,1.1,,true
13,1,1.1,,true
11,2,1.3,,true
11,6,2.5,,true
11,3,1.1,,true
12,4,2.5,,true
34,4,1.8,,true
20,1,1.2,,true
11,3,1.1,,true
13,3,1.2,,true
11,1,1.1,,true
13,3,1,,true
11,3,1,,true
35,3,1,,true
11,2,2,,true
11,1,1.1,,true
13,1,1.2,,true
11,2,2.5,,true
11,3,1.1,,true
34,3,1.2,,true
11,1,1.1,,true
13,1,1.1,,true
11,2,2.5,,true
34,3,1.1,,true
11,1,1.5,,true
11,2,1.9,,true
13,1,1.5,,true
13,2,1.9,,true
40,4,2.5,,true
12,4,2.5,,true
11,1,1.2,,true
11,2,2.25,,true
13,1,1.2,,true
2,1,1.2,,true
3,1,1.2,,true
2,2,1.8,,true
40,3,2,,true
11,1,1.5,,true
11,2,2,,true
13,1,1.5,,true
11,1,2.9,,true
11,2,4,,true
13,3,2.9,,true
25,4,4.1,,true
12,4,4.1,,true
11,1,1.6,,true
11,2,2.2,,true
13,3,1.6,,true
12,4,2.8,,true
11,1,1.3,,true
11,2,1.5,,true
6,3,1.5,,true
11,6,4,,true
12,4,2,,true
11,3,1,,true
34,4,1.5,,true
29,1,1.5,,true
11,3,1.1,,true
40,4,2.5,,true
80,4,2.5,,true
8,4,2.5,,true
35,1,1.2,,true
43,1,1.2,,true
35,6,3.3,,true
19,1,1.2,,true
42,3,1.2,,true
19,2,2.3,,true
11,3,1.2,,true
10,4,2.5,,true
40,4,2.5,,true
95,16,2.5,,true
83,4,2.5,,true
80,4,2.5,,true
16,4,2.5,,true
12,4,2.5,,true
55,4,2.6,,true
86,4,2.6,,true
11,1,1.2,,true
13,1,1.2,,true
11,1,1.3,,true
11,2,2.5,,true
13,1,1.3,,true
11,2,2,,true
12,4,3,,true
13,2,2,,true
25,4,4,,true
2,4,4,,true
12,4,4,,true
11,1,1.3,,true
13,1,1.3,,true
11,2,3.5,,true
12,4,3,,true
34,4,2.5,,true
16,4,3,,true
24,4,3,,true
6,3,1.3,,true
11,3,1.5,,true
13,3,1.5,,true
40,4,3,,true
25,4,3,,true
10,4,3,,true
11,1,1.3,,true
13,1,1.3,,true
11,2,3,,true
11,1,2.1,,true
11,2,2.8,,true
11,6,9,,true
6,3,2.1,,true
11,1,1.2,,true
11,2,2,,true
13,1,1.2,,true
13,2,2,,true
13,3,1.2,,true
34,3,1.2,,true
18,1,1.2,,true
13,3,1.2,,true
19,1,1.2,,true
19,6,2.5,,true
18,1,1.2,74,true
42,1,1.3,74,true
18,12,2.5,74,true
19,1,1.2,,true
19,6,2.5,,true
19,1,1,,true
42,1,1.2,,true
38,2,2.5,,true
41,4,2.5,,true
19,12,1.9,,true
38,1,1.2,,true
94,4,2.5,,true
95,16,6,,true
91,4,2.5,,true
93,4,2.5,,true
27,13,2.5,93,true
20,4,1.5,93,true
33,5,3.5,93,true
10,4,2.5,93,true
7,4,2.5,93,true
15,4,3.3,93,true
32,1,2.8,93,true
22,1,3.3,93,true
26,4,3.3,93,true
17,5,3.5,93,true
23,4,3,93,true
11,1,1.1,,true
13,1,1.2,,true
11,1,1.1,,true
13,1,1.2,,true
11,1,1,,true
11,3,1,,true
12,4,1.5,,true
34,4,1.5,,true
11,1,1,649,true
11,2,2,649,true
13,1,1.5,649,true
34,4,2,649,true
11,1,1.2,91,true
34,1,1.2,91,true
13,1,1.2,91,true
14,4,1.5,91,true
11,1,1.2,,true
11,13,1.5,,true
11,12,2.2,,true
13,1,1.2,,true
13,13,1.5,,true
13,12,2.2,,true
27,1,2,,true
27,13,2.6,,true
33,13,2.5,,true
33,12,3.3,,true
1,4,2.9,,true
54,4,3,,true
53,4,3,,true
7,4,2.8,,true
8,4,2.5,,true
16,4,3,,true
15,4,3.3,,true
17,5,3.4,,true
52,5,3.4,,true
22,4,3,,true
11,1,1.2,94,true
11,13,1.5,94,true
11,12,2.2,94,true
13,1,1.2,94,true
13,13,1.5,94,true
13,12,2.2,94,true
27,1,2,94,true
27,13,2.6,94,true
33,13,2.5,94,true
33,12,3.3,94,true
1,4,2.9,94,true
54,4,3,94,true
53,4,3,94,true
7,4,2.8,94,true
8,4,2.5,94,true
16,4,3,94,true
15,4,3.3,94,true
17,5,3.4,94,true
52,5,3.4,94,true
22,4,3,94,true
11,1,1,,true
11,3,1,,true
12,4,1.5,,true
34,4,1.5,,true
11,1,1,,true
11,3,1,,true
12,4,1.5,,true
34,4,1.5,,true
11,1,1,737,true
11,3,1,737,true
12,4,1.5,737,true
34,4,1.5,737,true
11,1,1.1,736,true
13,1,1.2,736,true
11,1,1.1,687,true
11,3,1.1,687,true
13,1,1.15,687,true
11,1,1.1,688,true
13,1,1.1,688,true
11,2,2,688,true
13,2,2,688,true
11,1,1.1,,true
13,1,1,,true
11,2,2,,true
13,2,2,,true
11,3,1,,true
11,4,1.1,,true
11,1,1.1,,true
13,1,1,,true
11,2,2,,true
13,2,2,,true
11,3,1,,true
11,4,1.1,,true
11,1,1.1,689,true
13,1,1,689,true
11,2,2,689,true
13,2,2,689,true
11,3,1,689,true
11,4,1.1,689,true
11,1,1.25,690,true
13,1,1.25,690,true
11,12,2.5,690,true
13,12,2.5,690,true
11,1,1.2,691,true
13,1,1.2,691,true
11,1,1.1,692,true
13,1,1.2,692,true
11,3,1,693,true
11,1,1.2,694,true
13,3,1,694,true
11,6,2.5,694,true
40,4,2.5,694,true
20,4,2.5,694,true
92,4,2.5,694,true
14,4,2.5,694,true
11,3,1,694,true
18,1,1.5,695,true
18,6,2.8,695,true
42,1,1.5,695,true
11,4,1.5,695,true
40,4,2.2,695,true
38,4,2.2,695,true
11,4,3,696,true
16,4,3.5,696,true
10,4,3.5,696,true
34,4,3,696,true
13,4,3,696,true
11,1,1.2,697,true
11,6,3,697,true
34,4,1.5,697,true
18,2,1.8,698,true
24,4,2.5,698,true
12,4,2.5,698,true
37,4,2.5,698,true
11,1,1.2,699,true
13,3,1,699,true
2,1,1.2,701,true
3,1,1.2,701,true
40,4,2,701,true
11,1,1.2,702,true
13,1,1.2,702,true
11,2,2.3,702,true
11,1,1.5,703,true
11,2,3,703,true
13,3,1.7,703,true
11,8,8,703,true
11,3,1,703,true
11,4,2.5,703,true
11,1,1.2,704,true
13,1,1.2,704,true
11,3,1,704,true
11,8,6,704,true
20,1,1.3,,true
20,2,2,,true
71,1,1.3,,true
20,1,1.3,705,true
20,2,2,705,true
71,1,1.3,705,true
11,4,2.5,706,true
25,4,3,706,true
53,4,3.5,707,true
20,4,2.3,707,true
7,4,2.5,707,true
29,4,2.3,707,true
8,4,3,707,true
55,4,3,707,true
10,4,3,707,true
16,4,3.2,707,true
44,4,2.3,707,true
34,4,2.3,707,true
11,1,1.6,707,true
11,2,3.1,707,true
5,1,1.6,707,true
5,2,3.1,707,true
13,4,2.3,707,true
24,15,2.5,707,true
24,12,4.6,707,true
33,15,2.3,707,true
33,12,4.3,707,true
78,15,2.3,707,true
11,1,1.2,708,true
13,1,1.2,708,true
11,3,1.2,708,true
12,4,2,708,true
19,1,0.6,709,true
11,1,1.1,710,true
13,1,1.1,710,true
11,2,1.3,710,true
11,6,2.5,710,true
11,3,1.1,710,true
12,4,2.5,710,true
34,4,1.8,710,true
20,1,1.2,711,true
11,3,1.1,711,true
13,3,1.2,711,true
11,1,1.1,713,true
13,1,1.2,713,true
11,2,2.5,713,true
11,3,1.1,713,true
34,3,1.2,713,true
11,1,1.1,714,true
13,1,1.1,714,true
11,2,2.5,714,true
34,3,1.1,714,true
11,1,1.5,715,true
11,2,1.9,715,true
13,1,1.5,715,true
13,2,1.9,715,true
40,4,2.5,715,true
12,4,2.5,715,true
11,1,1.2,716,true
11,2,2.25,716,true
13,1,1.2,716,true
2,1,1.2,59,true
40,4,2.7,59,true
3,1,1.2,59,true
2,2,1.8,59,true
11,1,1.5,717,true
11,2,2,717,true
13,1,1.5,717,true
11,1,2.9,718,true
11,2,4,718,true
13,3,2.9,718,true
25,4,4.1,718,true
12,4,4.1,718,true
11,1,1.6,719,true
11,2,2.2,719,true
13,3,1.6,719,true
12,4,2.8,719,true
11,1,1.3,720,true
11,2,1.5,720,true
6,3,1.5,720,true
11,6,4,720,true
12,4,2,720,true
11,3,1,720,true
34,4,1.5,720,true
29,1,1.5,,true
11,3,1.1,,true
40,4,2.5,,true
80,4,2.5,,true
8,4,2.5,,true
35,1,1.2,722,true
43,1,1.2,722,true
35,6,3.3,722,true
19,1,1.2,723,true
42,3,1.2,723,true
19,2,2.3,723,true
11,3,1.2,723,true
10,4,2.5,723,true
40,4,2.5,723,true
95,16,2.5,723,true
83,4,2.5,723,true
80,4,2.5,723,true
16,4,2.5,723,true
12,4,2.5,723,true
55,4,2.6,724,true
86,4,2.6,724,true
11,1,1.2,725,true
13,1,1.2,725,true
11,1,1.3,726,true
11,2,2.5,726,true
13,1,1.3,726,true
11,2,2,727,true
12,4,3,727,true
13,2,2,727,true
25,4,4,727,true
2,4,4,727,true
12,4,4,727,true
11,1,1.3,728,true
13,1,1.3,728,true
11,2,3.5,728,true
12,4,3,728,true
34,4,2.5,728,true
16,4,3,728,true
24,4,3,728,true
6,3,1.3,728,true
11,3,1.5,729,true
13,3,1.5,729,true
40,4,3,729,true
25,4,3,729,true
10,4,3,729,true
11,1,1.3,730,true
13,1,1.3,730,true
11,2,3,730,true
11,1,2.1,,true
11,2,2.8,,true
11,6,9,,true
6,3,2.1,,true
11,1,2.1,731,true
11,2,2.8,731,true
11,6,9,731,true
6,3,2.1,731,true
11,1,1.2,732,true
11,2,2,732,true
13,1,1.2,732,true
13,2,2,732,true
13,3,1.2,732,true
34,3,1.2,732,true
11,1,1.1,735,true
13,1,1.2,735,true
19,1,1.2,,true
19,6,2.5,,true
11,1,1.1,712,true
13,3,1,712,true
11,3,1,712,true
35,3,1,712,true
11,2,2,712,true
18,1,1.2,733,true
13,3,1.2,733,true
11,1,1.1,587,true
11,3,0.8,587,true
11,4,1,587,true
34,4,1.3,587,true
4,4,1.3,587,true
44,3,1.1,587,true
13,3,1.1,587,true
6,3,1.1,587,true
11,1,1.5,,true
11,2,2.9,,true
12,4,2.5,,true
6,3,1.5,,true
25,4,2.5,,true
34,4,1.5,,true
11,1,1.5,,true
27,4,3.3,,true
33,4,2.85,,true
24,4,2.7,,true
52,5,2.5,,true
24,12,4.5,,true
11,1,1.5,,true
11,2,2.9,,true
12,4,2.5,,true
6,3,1.5,,true
25,4,2.5,,true
34,4,1.5,,true
11,1,1.2,,true
13,1,1.2,,true
11,2,3.6,,true
25,4,2.4,,true
12,4,2.4,,true
11,2,1.7,,true
13,2,1.7,,true
40,4,2.2,,true
12,4,2.2,,true
11,2,1.7,,true
13,2,1.7,,true
40,4,2.2,,true
12,4,2.2,,true
5,1,1.2,,true
90,1,1.2,,true
5,12,3.2,,true
10,4,2.5,,true
11,1,1.2,,true
13,1,1.2,,true
11,2,2,,true
11,3,1.2,,true
15,4,4,,true
28,4,4,,true
20,1,2,,true
89,4,4,,true
15,4,4,,true
28,4,4,,true
20,1,2,,true
89,4,4,,true
99,4,4,,true
98,5,4,,true
11,1,1.9,,true
11,6,5,,true
13,1,1.9,,true
20,1,1.2,63,true
21,2,2,63,true
71,1,1.2,63,true
21,4,2,63,true
11,1,1.5,58,true
27,4,3.3,58,true
33,4,2.85,58,true
24,4,2.7,58,true
52,5,3,58,true
24,12,4.5,58,true
17,5,3,58,true
33,12,4.5,58,true
11,1,1.2,,true
13,1,1.2,,true
11,4,1.2,,true
11,2,2.4,,true
11,1,1.5,,true
11,2,2,,true
13,1,1.5,,true
13,2,2,,true
11,3,1.5,,true
34,4,1.5,,true
11,1,1.2,,true
13,1,1.2,,true
11,2,2.5,,true
11,3,1,,true
34,3,1,,true
25,4,2,,true
10,4,2.5,,true
32,4,2.5,,true
24,4,2.5,,true
11,1,1.2,,true
13,1,1.3,,true
11,3,1,,true
11,4,1.4,,true
11,1,1.2,,true
13,1,1.2,,true
11,2,2.5,,true
11,3,1.2,,true
40,4,2,,true
38,4,2,,true
34,3,1.2,,true
25,1,1.5,,true
25,2,2.2,,true
13,4,1.8,,true
40,4,2.2,,true
12,4,2.2,,true
34,4,2.2,,true
11,1,1.2,,true
13,1,1.2,,true
11,3,1,,true
12,4,2,,true
11,2,1.5,,true
11,1,1.2,,true
13,1,1.2,,true
11,3,1,,true
2,1,1.2,,true
3,1,1.2,,true
2,2,1.6,,true
40,4,2,,true
11,3,1.2,,true
11,4,2,,true
19,3,1.85,,true
11,3,1.85,,true
38,4,3,,true
11,1,1.2,,true
11,2,2,,true
13,1,1.2,,true
5,1,1,,true
5,2,2,,true
90,1,1,,true
11,3,1,,true
92,4,2,,true
19,1,1.2,,true
42,3,1.5,,true
19,2,2,,true
19,6,2.5,,true
20,3,1.2,,true
25,4,2.2,,true
38,4,2.2,,true
11,1,1.5,,true
11,2,2.8,,true
13,1,1.5,,true
12,4,3.5,,true
11,1,1.5,,true
13,1,1.5,,true
11,2,3,,true
11,6,3.5,,true
11,3,1.3,,true
20,1,1.5,,true
71,1,1.5,,true
20,2,2.5,,true
11,1,1.3,,true
13,1,1.8,,true
11,2,2.4,,true
11,6,4.2,,true
34,4,1.6,,true
11,1,1.2,,true
13,1,1.4,,true
11,2,2.4,,true
44,4,1.8,,true
12,4,2.5,,true
25,4,2.5,,true
11,1,1.4,,true
13,1,1.4,,true
12,4,2.2,,true
11,1,1.2,,true
11,2,1.5,,true
13,1,1.5,,true
11,1,2,,true
11,2,2.5,,true
12,4,2.5,,true
11,1,1.2,,true
11,2,2.5,,true
13,1,1.5,,true
14,4,2.75,,true
92,4,2.75,,true
34,4,2.2,,true
11,1,1.4,,true
11,2,2.8,,true
11,3,1.4,,true
11,9,8.8,,true
25,4,2.5,,true
38,4,2.5,,true
11,1,1.4,,true
13,1,1.4,,true
11,2,3.3,,true
25,4,2,,true
11,1,1.2,,true
13,1,1.2,,true
11,2,1.5,,true
11,1,1.1,,true
13,3,0.9,,true
11,4,1,,true
1,1,1.3,,true
3,2,1.8,,true
3,1,1.3,,true
2,2,1.8,,true
40,4,2.5,,true
11,1,1.2,,true
13,1,1.2,,true
11,6,3,,true
11,3,1,,true
55,4,2,,true
25,4,2,,true
12,4,2,,true
34,4,2,,true
11,1,1.3,,true
13,1,1.3,,true
11,2,2,,true
11,6,3,,true
11,3,1,,true
11,4,1.5,,true
12,4,2,,true
34,4,1.5,,true
20,1,1,,true
11,1,1,,true
11,3,1,,true
20,3,1,,true
20,8,3,,true
25,4,1.5,,true
83,4,2,,true
20,1,1.2,634,true
20,2,1.5,634,true
10,4,2.5,634,true
40,4,2.5,634,true
99,4,2.5,634,true
25,4,2.5,634,true
12,4,2.5,634,true
11,1,1.2,788,true
13,1,1.2,788,true
11,2,3.6,788,true
25,4,2.4,788,true
12,4,2.4,788,true
11,2,1.7,789,true
13,2,1.7,789,true
40,4,2.2,789,true
12,4,2.2,789,true
11,2,1.7,790,true
13,2,1.7,790,true
40,4,2.2,790,true
12,4,2.2,790,true
20,1,1,825,true
11,1,1,825,true
11,3,1,825,true
20,3,1,825,true
20,8,3,825,true
25,4,1.5,825,true
83,4,2,825,true
5,1,1.2,791,true
90,1,1.2,791,true
5,12,3.2,791,true
10,4,2.5,791,true
11,1,1.2,799,true
13,1,1.2,799,true
11,2,2.5,799,true
11,3,1.2,799,true
40,4,2,799,true
38,4,2,799,true
34,3,1.2,799,true
11,1,1.3,824,true
13,1,1.3,824,true
11,2,2,824,true
11,6,3,824,true
11,3,1,824,true
11,4,1.5,824,true
12,4,2,824,true
34,4,1.5,824,true
15,4,4,793,true
28,4,4,793,true
20,1,2,793,true
89,4,4,793,true
99,4,4,793,true
98,5,4,793,true
11,1,1.9,794,true
11,6,5,794,true
13,1,1.9,794,true
11,1,1.5,796,true
11,2,2,796,true
13,1,1.5,796,true
13,2,2,796,true
11,3,1.5,796,true
34,4,1.5,796,true
5,1,1,807,true
5,2,2,807,true
90,1,1,807,true
11,3,1,807,true
92,4,2,807,true
11,1,1.2,,true
11,2,1.5,,true
13,1,1.5,,true
11,1,1.4,819,true
13,1,1.4,819,true
11,2,3.3,819,true
25,4,2,819,true
11,1,1.1,821,true
13,3,0.9,821,true
11,4,1,821,true
11,2,1.5,802,true
11,1,1.2,797,true
13,1,1.2,797,true
11,2,2.5,797,true
11,3,1,797,true
34,3,1,797,true
25,4,2,797,true
10,4,2.5,797,true
32,4,2.5,797,true
24,4,2.5,797,true
11,1,1.2,795,true
13,1,1.2,795,true
11,4,1.2,795,true
11,2,2.4,795,true
11,1,1.2,798,true
13,1,1.3,798,true
11,3,1,798,true
11,4,1.4,798,true
11,1,1.5,809,true
11,2,2.8,809,true
13,1,1.5,809,true
12,4,3.5,809,true
11,1,2,816,true
11,2,2.5,816,true
12,4,2.5,816,true
1,1,1.3,822,true
3,2,1.8,822,true
3,1,1.3,822,true
2,2,1.8,822,true
40,4,2.5,822,true
25,1,1.5,800,true
25,2,2.2,800,true
13,4,1.8,800,true
40,4,2.2,800,true
12,4,2.2,800,true
34,4,2.2,800,true
11,1,1.2,823,true
13,1,1.2,823,true
11,6,3,823,true
11,3,1,823,true
55,4,2,823,true
25,4,2,823,true
12,4,2,823,true
34,4,2,823,true
29,1,1.5,721,true
11,3,1.1,721,true
40,4,2.5,721,true
80,4,2.5,721,true
8,4,2.5,721,true
97,1,1.5,721,true
19,1,1.2,734,true
19,6,2.5,734,true
96,1,1.2,734,true
11,1,1.2,801,true
13,1,1.2,801,true
11,3,1,801,true
12,4,2,801,true
11,1,1.2,826,true
13,1,1.2,826,true
12,4,2,826,true
11,3,1,826,true
11,1,1.2,827,true
13,1,1.2,827,true
12,4,2,827,true
11,3,1,827,true
11,1,1.2,,true
13,1,1.2,,true
11,3,1,,true
12,4,2,,true
11,1,1.2,828,true
13,1,1.2,828,true
11,3,1,828,true
12,4,2,828,true
11,1,1.2,829,true
13,1,1.2,829,true
11,3,1,829,true
12,4,2,829,true
11,1,1.2,803,true
13,1,1.2,803,true
11,3,1,803,true
2,1,1.2,804,true
3,1,1.2,804,true
2,2,1.6,804,true
40,4,2,804,true
11,3,1.2,804,true
11,4,2,804,true
11,1,1.2,817,true
11,2,2.5,817,true
13,1,1.5,817,true
14,4,2.75,817,true
92,4,2.75,817,true
34,4,2.2,817,true
11,1,1.2,806,true
11,2,2,806,true
13,1,1.2,806,true
19,1,1.2,808,true
42,3,1.5,808,true
19,2,2,808,true
19,6,2.5,808,true
20,3,1.2,808,true
25,4,2.2,808,true
38,4,2.2,808,true
11,1,1.4,818,true
11,2,2.8,818,true
11,3,1.4,818,true
11,9,8.8,818,true
25,4,2.5,818,true
38,4,2.5,818,true
11,1,1.5,810,true
13,1,1.5,810,true
11,2,3,810,true
11,6,3.5,810,true
11,3,1.3,810,true
11,1,1.3,812,true
13,1,1.8,812,true
11,2,2.4,812,true
11,6,4.2,812,true
34,4,1.6,812,true
11,1,1.2,813,true
13,1,1.4,813,true
11,2,2.4,813,true
44,4,1.8,813,true
12,4,2.5,813,true
25,4,2.5,813,true
11,1,1.4,814,true
13,1,1.4,814,true
12,4,2.2,814,true
11,1,1.2,820,true
13,1,1.2,820,true
11,2,1.5,820,true
20,1,1.5,811,true
71,1,1.5,811,true
20,2,2.5,811,true
11,1,1.2,792,true
13,1,1.2,792,true
11,2,2,792,true
11,3,1.2,792,true
11,1,1.2,,true
11,2,1.5,,true
13,1,1.5,,true
11,1,1.2,815,true
11,2,1.5,815,true
13,1,1.5,815,true
19,3,1.85,805,true
11,3,1.85,805,true
38,4,3,805,true
